,party,rating
0,DIE LINKE,2.2114000000000003
1,DIE LINKE,-2.0246
2,DIE LINKE,-0.6840999999999999
3,DIE LINKE,-0.013400000000000026
4,DIE LINKE,-3.1367999999999996
5,DIE LINKE,-1.2551
6,DIE LINKE,-0.6851999999999998
7,DIE LINKE,-9.079200000000005
8,DIE LINKE,-3.1783
9,DIE LINKE,1.5178
10,DIE LINKE,-1.3681999999999999
11,DIE LINKE,-2.2032
12,DIE LINKE,-1.3366
13,DIE LINKE,-0.6029
14,DIE LINKE,1.1053000000000004
15,DIE LINKE,-3.2928999999999995
16,DIE LINKE,-1.3393
17,DIE LINKE,2.9413000000000005
18,DIE LINKE,-3.9856999999999996
19,DIE LINKE,-1.3513000000000002
20,DIE LINKE,-2.0626999999999995
21,DIE LINKE,2.5650000000000004
22,DIE LINKE,-3.0501999999999994
23,DIE LINKE,-3.3185999999999996
24,DIE LINKE,-3.0541999999999994
25,DIE LINKE,-5.86920000000001
26,DIE LINKE,-2.376099999999999
27,DIE LINKE,0.023799999999999932
28,DIE LINKE,0.3897000000000001
29,DIE LINKE,0.033899999999999875
30,DIE LINKE,-2.2278000000000002
31,DIE LINKE,-3.9902000000000015
32,DIE LINKE,-0.5181
33,DIE LINKE,-0.8025
34,DIE LINKE,-4.253400000000002
35,DIE LINKE,0.42610000000000003
36,DIE LINKE,-0.1362
37,DIE LINKE,0.2021
38,DIE LINKE,0.2611
39,DIE LINKE,0.11649999999999988
40,DIE LINKE,-2.1176
41,DIE LINKE,-6.426300000000006
42,DIE LINKE,-3.3388000000000013
43,DIE LINKE,-1.6864
44,DIE LINKE,-0.5178000000000003
45,DIE LINKE,-2.4233999999999996
46,DIE LINKE,0.9887000000000001
47,DIE LINKE,-1.4442999999999997
48,DIE LINKE,1.0582000000000003
49,DIE LINKE,0.5135000000000003
50,DIE LINKE,-0.10359999999999997
51,DIE LINKE,1.5031000000000003
52,DIE LINKE,2.3666000000000005
53,DIE LINKE,-1.4945
54,DIE LINKE,-0.6262999999999996
55,DIE LINKE,-5.1884000000000094
56,DIE LINKE,0.5082
57,DIE LINKE,-3.5783999999999994
58,DIE LINKE,-5.161100000000003
59,DIE LINKE,-4.8205
60,DIE LINKE,0.3446
61,DIE LINKE,0.0
62,DIE LINKE,0.39480000000000004
63,DIE LINKE,0.4648
64,DIE LINKE,-0.8407
65,DIE LINKE,0.0
66,DIE LINKE,-4.718000000000007
67,DIE LINKE,-0.6520999999999999
68,DIE LINKE,-0.11350000000000027
69,DIE LINKE,-6.397300000000005
70,DIE LINKE,0.2143999999999998
71,DIE LINKE,-3.0694999999999997
72,DIE LINKE,-0.9207999999999996
73,DIE LINKE,0.5715
74,DIE LINKE,-0.3654
75,DIE LINKE,-0.28279999999999983
76,DIE LINKE,-0.4609999999999999
77,DIE LINKE,-1.0758
78,DIE LINKE,-0.37339999999999995
79,DIE LINKE,-3.1376999999999993
80,DIE LINKE,0.29489999999999994
81,DIE LINKE,-4.1847
82,DIE LINKE,1.3549000000000002
83,DIE LINKE,-2.8028
84,DIE LINKE,0.0
85,DIE LINKE,1.1549
86,DIE LINKE,-0.7252000000000001
87,DIE LINKE,0.4677
88,DIE LINKE,-8.997700000000012
89,DIE LINKE,-1.8752000000000002
90,DIE LINKE,-6.0199000000000105
91,DIE LINKE,-0.9984
92,DIE LINKE,-0.026699999999999835
93,DIE LINKE,-0.06420000000000003
94,DIE LINKE,-2.3666
95,DIE LINKE,-2.1174
96,DIE LINKE,-1.1102999999999998
97,DIE LINKE,-0.6356000000000002
98,DIE LINKE,-3.1097
99,DIE LINKE,-1.1942000000000004
100,DIE LINKE,-1.7711
101,DIE LINKE,-3.8727000000000045
102,DIE LINKE,0.5869000000000001
103,DIE LINKE,-0.4977000000000001
104,DIE LINKE,-4.333000000000001
105,DIE LINKE,1.0496999999999996
106,DIE LINKE,-0.5090000000000001
107,DIE LINKE,-3.3297999999999996
108,DIE LINKE,1.0058999999999998
109,DIE LINKE,-5.353100000000002
110,DIE LINKE,-1.5447999999999995
111,DIE LINKE,0.5008999999999999
112,DIE LINKE,-4.626600000000002
113,DIE LINKE,-6.715300000000016
114,DIE LINKE,-2.419999999999999
115,DIE LINKE,-0.1847999999999999
116,DIE LINKE,0.0
117,DIE LINKE,0.0
118,DIE LINKE,0.0
119,DIE LINKE,-0.08179999999999998
120,DIE LINKE,0.0
121,DIE LINKE,-5.515000000000009
122,DIE LINKE,-1.5017999999999998
123,DIE LINKE,1.1052000000000002
124,DIE LINKE,0.19039999999999974
125,DIE LINKE,-2.7932
126,DIE LINKE,-0.37249999999999955
127,DIE LINKE,-3.2963999999999998
128,DIE LINKE,-3.0930999999999997
129,DIE LINKE,0.6443000000000003
130,DIE LINKE,-3.4088000000000003
131,DIE LINKE,-4.2706
132,DIE LINKE,-0.1114
133,DIE LINKE,-0.5992
134,DIE LINKE,-1.5241999999999998
135,DIE LINKE,-2.1527999999999996
136,DIE LINKE,1.5983000000000007
137,DIE LINKE,-4.913800000000004
138,DIE LINKE,-4.988
139,DIE LINKE,-1.9294999999999998
140,DIE LINKE,-0.12259999999999993
141,DIE LINKE,0.030500000000000027
142,DIE LINKE,-3.3811999999999998
143,DIE LINKE,1.2605
144,DIE LINKE,-2.593
145,DIE LINKE,2.6729
146,DIE LINKE,-3.3261
147,DIE LINKE,-1.2170999999999998
148,DIE LINKE,-2.0648
149,DIE LINKE,-2.5526
150,DIE LINKE,-6.763200000000002
151,DIE LINKE,-4.272400000000002
152,DIE LINKE,0.01830000000000012
153,DIE LINKE,-2.7235000000000005
154,DIE LINKE,-1.0127
155,DIE LINKE,0.22169999999999984
156,DIE LINKE,-1.5065999999999997
157,DIE LINKE,0.4337000000000001
158,DIE LINKE,-9.006600000000011
159,DIE LINKE,-7.052400000000002
160,DIE LINKE,-0.35960000000000003
161,DIE LINKE,-6.453600000000003
162,DIE LINKE,0.16470000000000012
163,DIE LINKE,-1.4460999999999997
164,DIE LINKE,1.5484
165,DIE LINKE,-1.8246
166,DIE LINKE,-6.249300000000005
167,DIE LINKE,0.8213999999999999
168,DIE LINKE,-0.30599999999999994
169,DIE LINKE,-0.4568999999999999
170,DIE LINKE,-1.1830000000000003
171,DIE LINKE,0.06290000000000007
172,DIE LINKE,0.6207
173,DIE LINKE,-2.7681
174,DIE LINKE,-2.4298
175,DIE LINKE,-1.8837000000000004
176,DIE LINKE,-0.4193
177,DIE LINKE,-7.15890000000001
178,DIE LINKE,-3.1976
179,DIE LINKE,0.0
180,DIE LINKE,0.0
181,DIE LINKE,-0.2350000000000001
182,DIE LINKE,0.016
183,DIE LINKE,0.0
184,DIE LINKE,0.0121
185,DIE LINKE,-9.548100000000005
186,DIE LINKE,-7.576700000000004
187,DIE LINKE,-1.5339999999999996
188,DIE LINKE,-0.7971999999999999
189,DIE LINKE,0.4809
190,DIE LINKE,-0.1989000000000002
191,DIE LINKE,3.2401000000000004
192,DIE LINKE,-0.0561
193,DIE LINKE,0.6584
194,DIE LINKE,-2.1773999999999996
195,DIE LINKE,-2.3811999999999993
196,DIE LINKE,-3.2708999999999997
197,DIE LINKE,-1.1175000000000002
198,DIE LINKE,-1.2157999999999998
199,DIE LINKE,-4.127400000000001
200,DIE LINKE,-1.6671999999999998
201,DIE LINKE,-0.6220999999999999
202,DIE LINKE,-0.8483000000000002
203,DIE LINKE,-3.6936999999999998
204,DIE LINKE,1.5149
205,DIE LINKE,0.3923000000000001
206,DIE LINKE,-1.9329000000000005
207,DIE LINKE,-1.0546
208,DIE LINKE,-4.937799999999999
209,DIE LINKE,2.3169
210,DIE LINKE,-4.374300000000002
211,DIE LINKE,-0.2125999999999999
212,DIE LINKE,-3.1111999999999993
213,DIE LINKE,-2.8273
214,DIE LINKE,-0.41480000000000006
215,DIE LINKE,-0.42479999999999996
216,DIE LINKE,-6.700600000000004
217,DIE LINKE,-4.2906000000000075
218,DIE LINKE,0.5748
219,DIE LINKE,-0.2003000000000002
220,DIE LINKE,-2.8859999999999997
221,DIE LINKE,-4.1992
222,DIE LINKE,0.07529999999999992
223,DIE LINKE,-0.8476999999999997
224,DIE LINKE,-0.7745000000000002
225,DIE LINKE,-5.835900000000003
226,DIE LINKE,-2.488199999999999
227,DIE LINKE,-1.7274
228,DIE LINKE,-0.5084
229,DIE LINKE,-1.3598000000000001
230,DIE LINKE,-3.2196000000000007
231,DIE LINKE,0.03680000000000003
232,DIE LINKE,-4.234900000000001
233,DIE LINKE,-0.9841
234,DIE LINKE,0.3177
235,DIE LINKE,-1.6228999999999996
236,DIE LINKE,-2.0109000000000004
237,DIE LINKE,-3.631800000000006
238,DIE LINKE,-1.0359999999999998
239,DIE LINKE,-1.6240999999999999
240,DIE LINKE,0.5811999999999999
241,DIE LINKE,0.45840000000000003
242,DIE LINKE,0.5155000000000001
243,DIE LINKE,-0.05850000000000005
244,DIE LINKE,-6.366000000000004
245,DIE LINKE,-5.728200000000004
246,DIE LINKE,-0.5502999999999998
247,DIE LINKE,-0.8673
248,DIE LINKE,-1.4206
249,DIE LINKE,0.8893999999999997
250,DIE LINKE,-4.8843
251,DIE LINKE,-0.18540000000000006
252,DIE LINKE,-4.88560000000001
253,DIE LINKE,-3.6109000000000036
254,DIE LINKE,-2.8823
255,DIE LINKE,-1.3756
256,DIE LINKE,-1.0987
257,DIE LINKE,-2.8363999999999994
258,DIE LINKE,-1.5803
259,DIE LINKE,-0.23269999999999996
260,DIE LINKE,-4.3772000000000055
261,DIE LINKE,-5.609000000000005
262,DIE LINKE,-0.8364
263,DIE LINKE,0.5077
264,DIE LINKE,-1.4058
265,DIE LINKE,0.25339999999999996
266,DIE LINKE,-0.0802
267,DIE LINKE,-0.5603
268,DIE LINKE,-0.3489
269,DIE LINKE,0.3396
270,DIE LINKE,-1.4256999999999997
271,DIE LINKE,-3.1607
272,DIE LINKE,-6.556600000000005
273,DIE LINKE,-0.09940000000000004
274,DIE LINKE,0.35269999999999974
275,DIE LINKE,-1.7828000000000002
276,DIE LINKE,-2.2990999999999997
277,DIE LINKE,-0.6519
278,DIE LINKE,-2.0213
279,DIE LINKE,-3.8686000000000003
280,DIE LINKE,-0.6326
281,DIE LINKE,0.0
282,DIE LINKE,0.8703000000000001
283,DIE LINKE,0.1872000000000001
284,DIE LINKE,-2.3651000000000004
285,DIE LINKE,-1.0913
286,DIE LINKE,-0.2106999999999999
287,DIE LINKE,1.4546
288,DIE LINKE,-5.970700000000004
289,DIE LINKE,-0.7579999999999999
290,DIE LINKE,-6.352100000000008
291,DIE LINKE,-2.018199999999999
292,DIE LINKE,-0.24459999999999998
293,DIE LINKE,-4.829100000000006
294,DIE LINKE,-1.1827000000000008
295,DIE LINKE,-7.630700000000006
296,DIE LINKE,-7.271800000000008
297,DIE LINKE,0.762
298,DIE LINKE,-2.5279
299,DIE LINKE,-0.8758999999999999
300,DIE LINKE,-0.6205000000000003
301,DIE LINKE,-0.10080000000000011
302,DIE LINKE,-2.4336999999999995
303,DIE LINKE,-2.5971
304,DIE LINKE,-0.13650000000000004
305,DIE LINKE,-0.33499999999999996
306,DIE LINKE,-1.9087000000000003
307,DIE LINKE,0.5728
308,DIE LINKE,-2.6577
309,DIE LINKE,-1.1369999999999998
310,DIE LINKE,-1.9077000000000002
311,DIE LINKE,-3.1076
312,DIE LINKE,0.4217
313,DIE LINKE,-0.06430000000000002
314,DIE LINKE,-1.9921000000000002
315,DIE LINKE,-0.23610000000000003
316,DIE LINKE,-1.7545000000000002
317,DIE LINKE,-5.337900000000003
318,DIE LINKE,-2.1326
319,DIE LINKE,1.8885000000000003
320,DIE LINKE,-0.09499999999999992
321,DIE LINKE,-1.5679
322,DIE LINKE,-7.8849000000000045
323,DIE LINKE,-9.64950000000001
324,DIE LINKE,-2.4040999999999997
325,DIE LINKE,-3.5385
326,DIE LINKE,-1.2764
327,DIE LINKE,0.12340000000000001
328,DIE LINKE,-2.0427
329,DIE LINKE,-4.359600000000001
330,DIE LINKE,-9.124200000000009
331,DIE LINKE,0.9057999999999999
332,DIE LINKE,-2.4168000000000007
333,DIE LINKE,-4.008800000000001
334,DIE LINKE,-0.2897000000000002
335,DIE LINKE,2.0044999999999997
336,DIE LINKE,-0.788
337,DIE LINKE,-1.48
338,DIE LINKE,-1.0214999999999999
339,DIE LINKE,-9.365200000000002
340,DIE LINKE,-5.827800000000003
341,DIE LINKE,-2.4785999999999992
342,DIE LINKE,-2.4328
343,DIE LINKE,0.0
344,DIE LINKE,-1.3177999999999999
345,DIE LINKE,0.0
346,DIE LINKE,-0.2656
347,DIE LINKE,-4.750400000000005
348,DIE LINKE,-3.1348999999999996
349,DIE LINKE,-7.518800000000007
350,DIE LINKE,-2.7169000000000003
351,DIE LINKE,-0.7446999999999997
352,DIE LINKE,-1.660399999999999
353,DIE LINKE,2.3675
354,DIE LINKE,0.08330000000000001
355,DIE LINKE,-1.9099999999999995
356,DIE LINKE,-6.641400000000011
357,DIE LINKE,-1.8661999999999999
358,DIE LINKE,-0.4968
359,DIE LINKE,-2.5667999999999997
360,DIE LINKE,0.37250000000000005
361,DIE LINKE,-1.9323000000000001
362,DIE LINKE,-0.7651999999999999
363,DIE LINKE,-0.7663
364,DIE LINKE,-2.610099999999999
365,DIE LINKE,0.0
366,DIE LINKE,-0.7553000000000001
367,DIE LINKE,-3.4396
368,DIE LINKE,-0.5908
369,DIE LINKE,-0.6402
370,DIE LINKE,-0.8519999999999999
371,DIE LINKE,0.23389999999999983
372,DIE LINKE,-4.281500000000005
373,DIE LINKE,-0.6431999999999998
374,DIE LINKE,1.3429000000000002
375,DIE LINKE,-1.3663999999999998
376,DIE LINKE,-3.1843999999999992
377,DIE LINKE,-1.774
378,DIE LINKE,-3.5595999999999997
379,DIE LINKE,-3.2934000000000005
380,DIE LINKE,-0.7572
381,DIE LINKE,1.003
382,DIE LINKE,0.191
383,DIE LINKE,0.0
384,DIE LINKE,0.08480000000000015
385,DIE LINKE,-3.4843
386,DIE LINKE,-0.019600000000000006
387,DIE LINKE,-1.5866999999999987
388,DIE LINKE,-3.661599999999999
389,DIE LINKE,-1.0626999999999993
390,DIE LINKE,-3.883500000000002
391,DIE LINKE,-3.9155000000000024
392,DIE LINKE,-1.7262000000000002
393,DIE LINKE,-4.597400000000001
394,DIE LINKE,-1.0661999999999998
395,DIE LINKE,-1.3942
396,DIE LINKE,-0.6355
397,DIE LINKE,-3.5766
398,DIE LINKE,3.9086000000000003
399,DIE LINKE,-1.5033999999999998
400,DIE LINKE,-3.948899999999999
401,DIE LINKE,-0.9158
402,DIE LINKE,-0.5236000000000001
403,DIE LINKE,0.8033
404,DIE LINKE,-1.9582
405,DIE LINKE,-0.28660000000000013
406,DIE LINKE,-1.2013999999999998
407,DIE LINKE,1.5973000000000002
408,DIE LINKE,0.0
409,DIE LINKE,-5.292100000000005
410,DIE LINKE,1.8014000000000001
411,DIE LINKE,-1.5405
412,DIE LINKE,-1.5999999999999999
413,DIE LINKE,-1.3252
414,DIE LINKE,-1.4989
415,DIE LINKE,2.5352999999999994
416,DIE LINKE,-3.0653999999999995
417,DIE LINKE,-11.428000000000008
418,DIE LINKE,-2.557400000000001
419,DIE LINKE,-3.146699999999999
420,DIE LINKE,-3.3589999999999995
421,DIE LINKE,-5.592700000000003
422,DIE LINKE,-3.6757999999999997
423,DIE LINKE,-0.009600000000000136
424,DIE LINKE,-0.3480999999999999
425,DIE LINKE,-0.7073000000000002
426,DIE LINKE,-2.5728
427,DIE LINKE,-14.479000000000019
428,DIE LINKE,-9.899300000000006
429,DIE LINKE,-0.7381
430,DIE LINKE,-1.7022
431,DIE LINKE,-9.599900000000007
432,DIE LINKE,-9.013000000000005
433,DIE LINKE,-2.3973000000000004
434,DIE LINKE,0.8715999999999999
435,DIE LINKE,2.8245999999999998
436,DIE LINKE,0.4812000000000002
437,DIE LINKE,-7.7029000000000085
438,DIE LINKE,-2.0410999999999997
439,DIE LINKE,-2.4195
440,DIE LINKE,-1.9929999999999997
441,DIE LINKE,-3.7912000000000026
442,DIE LINKE,-4.328800000000002
443,DIE LINKE,-2.4185000000000008
444,DIE LINKE,0.09400000000000003
445,DIE LINKE,-0.7905
446,DIE LINKE,-4.262400000000005
447,DIE LINKE,-3.7068999999999996
448,DIE LINKE,1.0772000000000002
449,DIE LINKE,0.9333
450,DIE LINKE,-2.9607999999999994
451,DIE LINKE,-3.0345999999999997
452,DIE LINKE,-0.8533
453,DIE LINKE,-0.887
454,DIE LINKE,-2.1959
455,DIE LINKE,0.9259999999999999
456,DIE LINKE,-5.436400000000007
457,DIE LINKE,-0.11969999999999997
458,DIE LINKE,-1.4555
459,DIE LINKE,-1.4574999999999998
460,DIE LINKE,0.22990000000000013
461,DIE LINKE,-0.4807000000000002
462,DIE LINKE,-1.1198
463,DIE LINKE,-3.3978
464,DIE LINKE,-0.7224
465,DIE LINKE,-0.03759999999999991
466,DIE LINKE,-0.5373
467,DIE LINKE,-2.4966
468,DIE LINKE,1.0175
469,DIE LINKE,-2.7942000000000005
470,DIE LINKE,0.048000000000000015
471,DIE LINKE,-1.1871999999999998
472,DIE LINKE,-2.9880999999999998
473,DIE LINKE,-5.2367000000000035
474,DIE LINKE,2.7621
475,DIE LINKE,-3.8472000000000017
476,DIE LINKE,-1.353
477,DIE LINKE,-2.4594
478,DIE LINKE,-4.0939
479,DIE LINKE,-1.6173
480,DIE LINKE,0.4144999999999999
481,DIE LINKE,0.0
482,DIE LINKE,0.0
483,DIE LINKE,-0.6079000000000001
484,DIE LINKE,0.12090000000000001
485,DIE LINKE,-5.229500000000004
486,DIE LINKE,-2.9791999999999996
487,DIE LINKE,-3.1911000000000005
488,DIE LINKE,-4.918200000000005
489,DIE LINKE,-1.0677
490,DIE LINKE,-1.1688999999999998
491,DIE LINKE,-0.5297999999999999
492,DIE LINKE,-5.325000000000009
493,DIE LINKE,-1.8965999999999996
494,DIE LINKE,-3.2416
495,DIE LINKE,-1.8273999999999997
496,DIE LINKE,-1.6225
497,DIE LINKE,0.1956000000000001
498,DIE LINKE,-1.1885000000000001
499,DIE LINKE,-2.0683000000000002
500,DIE LINKE,1.7008
501,DIE LINKE,-3.7154000000000003
502,DIE LINKE,-5.0611000000000015
503,DIE LINKE,-2.2944999999999998
504,DIE LINKE,-1.0622000000000003
505,DIE LINKE,-0.4631000000000001
506,DIE LINKE,-0.05379999999999996
507,DIE LINKE,-2.6533
508,DIE LINKE,-2.7922
509,DIE LINKE,2.3828
510,DIE LINKE,-6.0555
511,DIE LINKE,-2.4501
512,DIE LINKE,0.5688
513,DIE LINKE,0.6240000000000002
514,DIE LINKE,0.2068
515,DIE LINKE,0.0
516,DIE LINKE,0.0
517,DIE LINKE,-1.4767000000000001
518,DIE LINKE,1.1584
519,DIE LINKE,0.203
520,DIE LINKE,-0.7578
521,DIE LINKE,-2.9729000000000005
522,DIE LINKE,-1.8657000000000001
523,DIE LINKE,-0.8676999999999995
524,DIE LINKE,1.0973
525,DIE LINKE,0.14399999999999996
526,DIE LINKE,0.04360000000000008
527,DIE LINKE,-4.644300000000003
528,DIE LINKE,-1.9826000000000004
529,DIE LINKE,-3.2998999999999987
530,DIE LINKE,-0.43640000000000007
531,DIE LINKE,-0.3314000000000002
532,DIE LINKE,-0.31510000000000005
533,DIE LINKE,-2.2012000000000005
534,DIE LINKE,-1.9543999999999995
535,DIE LINKE,-3.1864000000000003
536,DIE LINKE,-3.612399999999999
537,DIE LINKE,0.6039000000000002
538,DIE LINKE,-0.2275000000000001
539,DIE LINKE,-1.7691000000000003
540,DIE LINKE,-0.5167999999999999
541,DIE LINKE,-1.9683999999999993
542,DIE LINKE,-1.5015
543,DIE LINKE,-1.6818999999999995
544,DIE LINKE,-5.8919000000000015
545,DIE LINKE,1.1994000000000002
546,DIE LINKE,-1.3652
547,DIE LINKE,-6.741000000000005
548,DIE LINKE,-1.9631999999999998
549,DIE LINKE,-2.1304000000000003
550,DIE LINKE,1.3395000000000004
551,DIE LINKE,0.921
552,DIE LINKE,0.191
553,DIE LINKE,0.21100000000000002
554,DIE LINKE,0.0
555,DIE LINKE,-2.6588000000000003
556,DIE LINKE,-3.5988000000000007
557,DIE LINKE,-2.3192000000000004
558,DIE LINKE,0.11760000000000004
559,DIE LINKE,-5.858000000000003
560,DIE LINKE,-10.117700000000006
561,DIE LINKE,-1.8
562,DIE LINKE,-2.1585
563,DIE LINKE,-2.7671
564,DIE LINKE,-3.7039
565,DIE LINKE,-2.7152
566,DIE LINKE,-2.282
567,DIE LINKE,-2.1711000000000005
568,DIE LINKE,0.265
569,DIE LINKE,0.4939
570,DIE LINKE,1.2803000000000002
571,DIE LINKE,-3.5311000000000003
572,DIE LINKE,-1.0954
573,DIE LINKE,2.0149
574,DIE LINKE,-0.1512
575,DIE LINKE,-0.2527
576,DIE LINKE,-0.7202000000000002
577,DIE LINKE,-0.7436
578,DIE LINKE,-2.221
579,DIE LINKE,-2.7965
580,DIE LINKE,-1.9158999999999997
581,DIE LINKE,1.7008000000000003
582,DIE LINKE,-1.1737999999999995
583,DIE LINKE,-5.475500000000002
584,DIE LINKE,-4.739800000000002
585,DIE LINKE,-3.6726
586,DIE LINKE,-1.0138
587,DIE LINKE,-0.2102
588,DIE LINKE,0.7594000000000001
589,DIE LINKE,-2.4283000000000006
590,DIE LINKE,-4.684000000000002
591,DIE LINKE,1.0465999999999998
592,DIE LINKE,-2.889
593,DIE LINKE,0.957
594,DIE LINKE,-3.7824999999999998
595,DIE LINKE,-4.211900000000002
596,DIE LINKE,0.002400000000000001
597,DIE LINKE,-1.2313
598,DIE LINKE,-2.3794999999999997
599,DIE LINKE,-0.9998999999999996
600,DIE LINKE,1.5583
601,DIE LINKE,-6.677900000000007
602,DIE LINKE,-6.194500000000002
603,DIE LINKE,0.9014999999999999
604,DIE LINKE,-2.3425
605,DIE LINKE,-3.6577000000000015
606,DIE LINKE,-1.6143
607,DIE LINKE,-0.48719999999999986
608,DIE LINKE,-1.5169000000000004
609,DIE LINKE,0.9729999999999999
610,DIE LINKE,-0.39500000000000035
611,DIE LINKE,-3.8558
612,DIE LINKE,0.26839999999999997
613,DIE LINKE,-0.1306
614,DIE LINKE,-0.3402
615,DIE LINKE,-1.6848
616,DIE LINKE,0.2894
617,DIE LINKE,-0.7905
618,DIE LINKE,-1.5720999999999998
619,DIE LINKE,-5.259900000000002
620,DIE LINKE,0.37880000000000014
621,DIE LINKE,3.5104000000000006
622,DIE LINKE,0.08520000000000005
623,DIE LINKE,-1.3651999999999997
624,DIE LINKE,-1.7883000000000004
625,DIE LINKE,-0.3665
626,DIE LINKE,-3.903600000000001
627,DIE LINKE,-1.1335
628,DIE LINKE,-0.33430000000000004
629,DIE LINKE,-2.5503
630,DIE LINKE,-3.6092
631,DIE LINKE,-1.8963000000000003
632,DIE LINKE,-5.848700000000006
633,DIE LINKE,-2.867899999999999
634,DIE LINKE,-11.89460000000001
635,DIE LINKE,-3.275
636,DIE LINKE,-5.287100000000004
637,DIE LINKE,-7.673300000000006
638,DIE LINKE,-4.3412000000000015
639,DIE LINKE,0.3838999999999998
640,DIE LINKE,-1.5331
641,DIE LINKE,-1.1411
642,DIE LINKE,-2.3763000000000005
643,DIE LINKE,0.1863999999999999
644,DIE LINKE,0.7304999999999999
645,DIE LINKE,-1.3913
646,DIE LINKE,-1.8413999999999995
647,DIE LINKE,-1.0070000000000001
648,DIE LINKE,0.1519000000000001
649,DIE LINKE,-0.8900999999999994
650,DIE LINKE,-1.5207
651,DIE LINKE,-3.504199999999999
652,DIE LINKE,-3.1144000000000003
653,DIE LINKE,-2.3948
654,DIE LINKE,-3.1187
655,DIE LINKE,0.43610000000000004
656,DIE LINKE,0.0
657,DIE LINKE,0.6233
658,DIE LINKE,0.0
659,DIE LINKE,0.195
660,DIE LINKE,0.0
661,DIE LINKE,-2.2890999999999995
662,DIE LINKE,-6.7313000000000045
663,DIE LINKE,0.8518999999999999
664,DIE LINKE,-8.412400000000002
665,DIE LINKE,1.4676000000000002
666,DIE LINKE,-0.7654000000000003
667,DIE LINKE,-1.3550000000000002
668,DIE LINKE,0.03129999999999997
669,DIE LINKE,-5.708600000000004
670,DIE LINKE,-4.430900000000004
671,DIE LINKE,-3.9365000000000014
672,DIE LINKE,0.11459999999999998
673,DIE LINKE,0.020399999999999974
674,DIE LINKE,-3.112999999999999
675,DIE LINKE,0.3042000000000001
676,DIE LINKE,-2.5356
677,DIE LINKE,-2.3815
678,DIE LINKE,-0.7809
679,DIE LINKE,-2.5107999999999997
680,DIE LINKE,-0.7245000000000001
681,DIE LINKE,-1.7618999999999998
682,DIE LINKE,-0.5701
683,DIE LINKE,-2.2445
684,DIE LINKE,-0.1003
685,DIE LINKE,-3.2453999999999996
686,DIE LINKE,-0.8403000000000002
687,DIE LINKE,0.47979999999999995
688,DIE LINKE,-2.645
689,DIE LINKE,-0.09489999999999993
690,DIE LINKE,-0.6249
691,DIE LINKE,-3.0395
692,DIE LINKE,-2.1351999999999998
693,DIE LINKE,-3.8057000000000016
694,DIE LINKE,0.7395000000000007
695,DIE LINKE,-0.44339999999999974
696,DIE LINKE,0.21020000000000003
697,DIE LINKE,-0.5254999999999999
698,DIE LINKE,-3.2742000000000004
699,DIE LINKE,0.5378999999999999
700,DIE LINKE,1.0004
701,DIE LINKE,0.008
702,DIE LINKE,0.08790000000000003
703,DIE LINKE,0.0
704,DIE LINKE,0.011200000000000002
705,DIE LINKE,-8.001200000000006
706,DIE LINKE,-0.5837999999999999
707,DIE LINKE,-0.2958999999999996
708,DIE LINKE,-1.1999999999999997
709,DIE LINKE,-2.8416
710,DIE LINKE,-0.9986000000000002
711,DIE LINKE,-1.5275999999999998
712,DIE LINKE,-1.3913
713,DIE LINKE,-7.508100000000008
714,DIE LINKE,-1.1376
715,DIE LINKE,0.4903
716,DIE LINKE,-0.45820000000000005
717,DIE LINKE,-6.60910000000001
718,DIE LINKE,-9.05330000000001
719,DIE LINKE,-1.6605000000000003
720,DIE LINKE,-2.0238999999999994
721,DIE LINKE,1.8051
722,DIE LINKE,-3.6631000000000005
723,DIE LINKE,-0.14369999999999944
724,DIE LINKE,-2.765400000000005
725,DIE LINKE,-1.1372
726,DIE LINKE,-0.2818000000000003
727,DIE LINKE,-2.6907000000000005
728,DIE LINKE,-0.28969999999999996
729,DIE LINKE,-1.1644
730,DIE LINKE,-5.795400000000005
731,DIE LINKE,1.1236000000000006
732,DIE LINKE,0.15270000000000003
733,DIE LINKE,1.7789000000000001
734,DIE LINKE,0.24719999999999986
735,DIE LINKE,-2.0283000000000007
736,DIE LINKE,-0.3405
737,DIE LINKE,0.0
738,DIE LINKE,0.0049000000000000155
739,DIE LINKE,-0.4602
740,DIE LINKE,-0.07170000000000004
741,DIE LINKE,-2.876299999999999
742,DIE LINKE,0.6885999999999999
743,DIE LINKE,0.9668999999999999
744,DIE LINKE,-1.2852000000000003
745,DIE LINKE,0.43589999999999995
746,DIE LINKE,-6.767300000000003
747,DIE LINKE,-2.2201999999999993
748,DIE LINKE,0.1503
749,DIE LINKE,1.8268000000000004
750,DIE LINKE,-2.4625999999999997
751,DIE LINKE,-4.618200000000005
752,DIE LINKE,-1.0705
753,DIE LINKE,-1.8699999999999992
754,DIE LINKE,-1.4316000000000002
755,DIE LINKE,1.8365999999999996
756,DIE LINKE,0.7767
757,DIE LINKE,-1.2544999999999997
758,DIE LINKE,-0.7001000000000002
759,DIE LINKE,-0.7933999999999994
760,DIE LINKE,-3.6945000000000006
761,DIE LINKE,0.8142
762,DIE LINKE,-1.1939
763,DIE LINKE,-1.7552999999999999
764,DIE LINKE,-1.9043999999999996
765,DIE LINKE,0.12530000000000002
766,DIE LINKE,0.0
767,DIE LINKE,0.0
768,DIE LINKE,0.0
769,DIE LINKE,-5.7754000000000065
770,DIE LINKE,0.07879999999999998
771,DIE LINKE,-1.4997999999999996
772,DIE LINKE,-0.015200000000000064
773,DIE LINKE,-4.512000000000001
774,DIE LINKE,-3.640000000000001
775,DIE LINKE,-0.24930000000000008
776,DIE LINKE,0.0942
777,DIE LINKE,-3.2788000000000004
778,DIE LINKE,-0.9093999999999995
779,DIE LINKE,-3.3224000000000005
780,DIE LINKE,-3.4488
781,DIE LINKE,-4.206900000000001
782,DIE LINKE,0.45790000000000003
783,DIE LINKE,-0.5143
784,DIE LINKE,-0.6273
785,DIE LINKE,-1.1958000000000004
786,DIE LINKE,-0.25280000000000025
787,DIE LINKE,-3.9751000000000003
788,DIE LINKE,0.0239000000000002
789,DIE LINKE,-7.159800000000006
790,DIE LINKE,0.0
791,DIE LINKE,0.004
792,DIE LINKE,0.0
793,DIE LINKE,0.0
794,DIE LINKE,0.0
795,DIE LINKE,-0.3382
796,DIE LINKE,0.203
797,DIE LINKE,0.0
798,DIE LINKE,-3.5527
799,DIE LINKE,-0.9450000000000001
800,DIE LINKE,0.05890000000000006
801,DIE LINKE,-2.6664999999999996
802,DIE LINKE,-3.2889999999999997
803,DIE LINKE,0.21100000000000002
804,DIE LINKE,1.3248000000000002
805,DIE LINKE,-6.0792000000000055
806,DIE LINKE,-2.7956000000000003
807,DIE LINKE,-3.8367000000000004
808,DIE LINKE,-0.7343999999999999
809,DIE LINKE,-0.3326000000000003
810,DIE LINKE,0.3683
811,DIE LINKE,-0.11909999999999998
812,DIE LINKE,1.0387999999999997
813,DIE LINKE,-2.797399999999999
814,DIE LINKE,-1.047
815,DIE LINKE,-0.40769999999999995
816,DIE LINKE,-1.3371
817,DIE LINKE,-0.7258
818,DIE LINKE,1.957
819,DIE LINKE,0.9441000000000002
820,DIE LINKE,-3.2906000000000004
821,DIE LINKE,-1.2448000000000001
822,DIE LINKE,1.5737999999999999
823,DIE LINKE,-1.2645
824,DIE LINKE,0.0
825,DIE LINKE,0.0
826,DIE LINKE,0.191
827,DIE LINKE,-1.3595
828,DIE LINKE,0.22140000000000004
829,DIE LINKE,-0.26830000000000004
830,DIE LINKE,0.5695000000000001
831,DIE LINKE,0.008
832,DIE LINKE,-2.3428
833,DIE LINKE,-2.3248
834,DIE LINKE,-3.8579999999999997
835,DIE LINKE,-1.5947
836,DIE LINKE,-3.5708
837,DIE LINKE,-3.2632999999999988
838,DIE LINKE,-14.933700000000009
839,DIE LINKE,0.007699999999999734
840,DIE LINKE,1.5691
841,DIE LINKE,0.7368000000000001
842,DIE LINKE,1.8921999999999997
843,DIE LINKE,-0.9695000000000003
844,DIE LINKE,0.7018
845,DIE LINKE,-4.644700000000001
846,DIE LINKE,-0.9395000000000002
847,DIE LINKE,-1.9106
848,DIE LINKE,0.21070000000000016
849,DIE LINKE,-1.75
850,DIE LINKE,-2.8089
851,DIE LINKE,-0.3903
852,DIE LINKE,-0.7826
853,DIE LINKE,-1.2877000000000003
854,DIE LINKE,-2.6629000000000005
855,DIE LINKE,0.33410000000000006
856,DIE LINKE,-3.743800000000002
857,DIE LINKE,-2.9564999999999997
858,DIE LINKE,0.34500000000000003
859,DIE LINKE,-5.6743000000000015
860,DIE LINKE,0.5002
861,DIE LINKE,0.0
862,DIE LINKE,0.012
863,DIE LINKE,0.0
864,DIE LINKE,-0.15319999999999998
865,DIE LINKE,0.0
866,DIE LINKE,0.0001000000000000124
867,DIE LINKE,0.0
868,DIE LINKE,0.22959999999999992
869,DIE LINKE,-1.0829
870,DIE LINKE,-1.0393999999999999
871,DIE LINKE,-2.3444999999999996
872,DIE LINKE,-2.0627999999999997
873,DIE LINKE,-3.9606000000000026
874,DIE LINKE,-0.8283999999999998
875,DIE LINKE,-0.3521000000000001
876,DIE LINKE,-3.3171000000000013
877,DIE LINKE,-1.6877999999999995
878,DIE LINKE,-1.0236999999999998
879,DIE LINKE,3.1020999999999996
880,DIE LINKE,-1.2151000000000003
881,DIE LINKE,1.2147000000000003
882,DIE LINKE,-2.0075999999999996
883,DIE LINKE,-0.7046000000000001
884,DIE LINKE,-0.22139999999999993
885,DIE LINKE,0.37860000000000005
886,DIE LINKE,-1.5057999999999998
887,DIE LINKE,-1.0690000000000002
888,DIE LINKE,1.8337
889,DIE LINKE,-5.650700000000005
890,DIE LINKE,-2.151
891,DIE LINKE,-2.1917
892,DIE LINKE,-0.6356000000000002
893,DIE LINKE,2.4153000000000002
894,DIE LINKE,-0.21209999999999998
895,DIE LINKE,0.2969
896,DIE LINKE,0.0
897,DIE LINKE,0.11669999999999991
898,DIE LINKE,0.25279999999999997
899,DIE LINKE,-4.179500000000003
900,DIE LINKE,-1.0834000000000004
901,DIE LINKE,-3.1883
902,DIE LINKE,-3.6560000000000006
903,DIE LINKE,-2.7059
904,DIE LINKE,-5.2902000000000005
905,DIE LINKE,-1.8372
906,DIE LINKE,1.1589
907,DIE LINKE,-1.6207
908,DIE LINKE,-0.6146
909,DIE LINKE,0.9688000000000001
910,DIE LINKE,-4.298900000000002
911,DIE LINKE,-2.4446
912,DIE LINKE,0.7318
913,DIE LINKE,-1.4633
914,DIE LINKE,-0.33480000000000004
915,DIE LINKE,-0.6879
916,DIE LINKE,-1.0965
917,DIE LINKE,-1.8428999999999998
918,DIE LINKE,-2.3384
919,DIE LINKE,-1.1354000000000004
920,DIE LINKE,-1.1438000000000001
921,DIE LINKE,-0.20860000000000029
922,DIE LINKE,-4.5905000000000005
923,DIE LINKE,-4.5045
924,DIE LINKE,-2.7632999999999996
925,DIE LINKE,-3.3868
926,DIE LINKE,-7.636900000000006
927,DIE LINKE,-0.13789999999999997
928,DIE LINKE,0.1862
929,DIE LINKE,0.2031
930,DIE LINKE,0.0
931,DIE LINKE,-0.5522
932,DIE LINKE,0.0
933,DIE LINKE,-0.15669999999999998
934,DIE LINKE,-5.150500000000001
935,DIE LINKE,-2.7383
936,DIE LINKE,-2.905
937,DIE LINKE,-1.3202999999999998
938,DIE LINKE,-1.8862999999999996
939,DIE LINKE,-4.2138
940,DIE LINKE,-1.1118999999999997
941,DIE LINKE,-0.7925000000000002
942,DIE LINKE,0.005599999999999938
943,DIE LINKE,7.1112999999999955
944,DIE LINKE,-3.1168000000000005
945,DIE LINKE,1.8586000000000005
946,DIE LINKE,-2.6992999999999996
947,DIE LINKE,-2.4959
948,DIE LINKE,0.9744
949,DIE LINKE,-1.4489
950,DIE LINKE,-0.3584000000000001
951,DIE LINKE,-1.0712
952,DIE LINKE,1.5069999999999997
953,DIE LINKE,-2.6455
954,DIE LINKE,-1.9906
955,DIE LINKE,-2.4918999999999993
956,DIE LINKE,-0.24199999999999977
957,DIE LINKE,0.4337000000000002
958,DIE LINKE,2.0754
959,DIE LINKE,3.7432999999999996
960,DIE LINKE,-0.3664999999999999
961,DIE LINKE,0.0
962,DIE LINKE,0.0
963,DIE LINKE,0.0
964,DIE LINKE,0.0
965,DIE LINKE,0.191
966,DIE LINKE,0.21900000000000003
967,DIE LINKE,-0.3231
968,DIE LINKE,0.7270000000000001
969,DIE LINKE,-6.441100000000004
970,DIE LINKE,-2.2428
971,DIE LINKE,-3.213499999999999
972,DIE LINKE,-1.4409999999999998
973,DIE LINKE,0.4923999999999999
974,DIE LINKE,1.1390999999999998
975,DIE LINKE,-4.234100000000001
976,DIE LINKE,-8.221800000000004
977,DIE LINKE,-1.1749999999999998
978,DIE LINKE,-0.13560000000000005
979,DIE LINKE,-3.4354000000000005
980,DIE LINKE,-3.829200000000001
981,DIE LINKE,-1.0366
982,DIE LINKE,-4.0824
983,DIE LINKE,-0.4210000000000001
984,DIE LINKE,0.32540000000000013
985,DIE LINKE,0.5659000000000001
986,DIE LINKE,-0.2831000000000001
987,DIE LINKE,0.38560000000000005
988,DIE LINKE,-0.8412
989,DIE LINKE,-0.6832999999999999
990,DIE LINKE,-4.158400000000002
991,DIE LINKE,-6.4388000000000005
992,DIE LINKE,-0.09970000000000001
993,DIE LINKE,1.1949999999999998
994,DIE LINKE,1.8806000000000005
995,DIE LINKE,0.0
996,DIE LINKE,0.0
997,DIE LINKE,0.0
998,DIE LINKE,0.4062
999,DIE LINKE,0.0
1000,DIE LINKE,0.5206999999999999
1001,DIE LINKE,-3.3613
1002,DIE LINKE,-1.3217999999999999
1003,DIE LINKE,0.07130000000000003
1004,DIE LINKE,-3.0683
1005,DIE LINKE,-2.5850999999999997
1006,DIE LINKE,-1.8860999999999997
1007,DIE LINKE,-4.3363
1008,DIE LINKE,-4.3848
1009,DIE LINKE,-2.1666
1010,DIE LINKE,0.36630000000000035
1011,DIE LINKE,0.052600000000000174
1012,DIE LINKE,1.2001000000000002
1013,DIE LINKE,-1.131
1014,DIE LINKE,-3.1465
1015,DIE LINKE,0.7464000000000002
1016,DIE LINKE,-2.8447
1017,DIE LINKE,-0.0038999999999999833
1018,DIE LINKE,-2.0038
1019,DIE LINKE,-0.07730000000000004
1020,DIE LINKE,-5.274900000000003
1021,DIE LINKE,-0.1494000000000001
1022,DIE LINKE,-3.1424999999999996
1023,DIE LINKE,-2.0727000000000007
1024,DIE LINKE,-0.16740000000000088
1025,DIE LINKE,1.1336000000000004
1026,DIE LINKE,-4.5256
1027,DIE LINKE,-0.7708000000000004
1028,DIE LINKE,-0.03440000000000015
1029,DIE LINKE,0.0
1030,DIE LINKE,-0.0048
1031,DIE LINKE,-0.012799999999999978
1032,DIE LINKE,0.0
1033,DIE LINKE,-1.3396000000000001
1034,DIE LINKE,-1.4996999999999998
1035,DIE LINKE,0.0
1036,DIE LINKE,-2.6289
1037,DIE LINKE,0.2004
1038,DIE LINKE,-4.0657
1039,DIE LINKE,0.19990000000000002
1040,DIE LINKE,-0.3197
1041,DIE LINKE,-2.4159
1042,DIE LINKE,-1.7621000000000002
1043,DIE LINKE,-4.960400000000005
1044,DIE LINKE,0.09710000000000005
1045,DIE LINKE,-2.6461
1046,DIE LINKE,-1.0277
1047,DIE LINKE,0.8736999999999999
1048,DIE LINKE,-2.2327999999999997
1049,DIE LINKE,-3.761900000000001
1050,DIE LINKE,-0.7040999999999997
1051,DIE LINKE,-0.19990000000000008
1052,DIE LINKE,-2.3976999999999995
1053,DIE LINKE,-2.2548
1054,DIE LINKE,-1.4901
1055,DIE LINKE,-0.1509
1056,DIE LINKE,-2.7510999999999997
1057,DIE LINKE,0.21489999999999992
1058,DIE LINKE,-1.1425999999999998
1059,DIE LINKE,-8.249800000000006
1060,DIE LINKE,0.9696
1061,DIE LINKE,-0.04999999999999993
1062,DIE LINKE,-3.4394999999999993
1063,DIE LINKE,2.6472
1064,DIE LINKE,-0.29549999999999993
1065,DIE LINKE,-1.3879
1066,DIE LINKE,1.2740000000000002
1067,DIE LINKE,0.004700000000000017
1068,DIE LINKE,0.3467
1069,DIE LINKE,0.38539999999999996
1070,DIE LINKE,0.0
1071,DIE LINKE,-14.385400000000008
1072,DIE LINKE,-5.6777000000000015
1073,DIE LINKE,-2.9118999999999997
1074,DIE LINKE,0.1943
1075,DIE LINKE,-0.4448
1076,DIE LINKE,-0.9319000000000001
1077,DIE LINKE,-2.7184000000000004
1078,DIE LINKE,-4.0146999999999995
1079,DIE LINKE,-1.1936999999999982
1080,DIE LINKE,-2.6632
1081,DIE LINKE,-1.7973
1082,DIE LINKE,-0.6765999999999998
1083,DIE LINKE,-0.4158000000000001
1084,DIE LINKE,-1.8708000000000002
1085,DIE LINKE,1.0998
1086,DIE LINKE,-2.4338999999999995
1087,DIE LINKE,-0.17739999999999995
1088,DIE LINKE,0.8335999999999999
1089,DIE LINKE,0.9323000000000001
1090,DIE LINKE,-1.5972000000000002
1091,DIE LINKE,-2.4775
1092,DIE LINKE,-1.4244
1093,DIE LINKE,-1.2762999999999998
1094,DIE LINKE,-0.4352
1095,DIE LINKE,-2.9036
1096,DIE LINKE,-7.7782000000000036
1097,DIE LINKE,0.20750000000000002
1098,DIE LINKE,-0.6219000000000003
1099,DIE LINKE,-2.0045
1100,DIE LINKE,-1.1458000000000002
1101,DIE LINKE,-0.8909999999999993
1102,DIE LINKE,-1.3716
1103,DIE LINKE,0.0
1104,DIE LINKE,0.0
1105,DIE LINKE,0.199
1106,DIE LINKE,-0.0574
1107,DIE LINKE,0.195
1108,DIE LINKE,-0.6300000000000001
1109,DIE LINKE,0.20220000000000002
1110,DIE LINKE,0.02
1111,DIE LINKE,0.0
1112,DIE LINKE,0.29959999999999964
1113,DIE LINKE,1.1037000000000001
1114,DIE LINKE,-3.0060000000000002
1115,DIE LINKE,-0.23439999999999983
1116,DIE LINKE,-2.2734000000000005
1117,DIE LINKE,-4.0519
1118,DIE LINKE,-9.161500000000006
1119,DIE LINKE,-5.033500000000006
1120,DIE LINKE,-2.5887999999999995
1121,DIE LINKE,-2.684
1122,DIE LINKE,-5.978300000000005
1123,DIE LINKE,-4.781100000000002
1124,DIE LINKE,-0.5445
1125,DIE LINKE,0.9587999999999999
1126,DIE LINKE,-3.894599999999999
1127,DIE LINKE,-0.9906999999999999
1128,DIE LINKE,-0.014499999999999957
1129,DIE LINKE,-0.3902000000000001
1130,DIE LINKE,-0.43850000000000017
1131,DIE LINKE,-0.8977999999999999
1132,DIE LINKE,2.496400000000001
1133,DIE LINKE,0.9498000000000004
1134,DIE LINKE,-0.2727000000000001
1135,DIE LINKE,0.21239999999999964
1136,DIE LINKE,0.4468000000000001
1137,DIE LINKE,-5.8766000000000025
1138,DIE LINKE,-0.7588000000000001
1139,DIE LINKE,-1.137
1140,DIE LINKE,-1.2862999999999998
1141,DIE LINKE,0.4902000000000001
1142,DIE LINKE,-2.3247
1143,DIE LINKE,1.8890000000000002
1144,DIE LINKE,2.0195
1145,DIE LINKE,3.8514000000000004
1146,DIE LINKE,-0.1601
1147,DIE LINKE,0.0
1148,DIE LINKE,0.0
1149,DIE LINKE,0.0
1150,DIE LINKE,-6.347700000000003
1151,DIE LINKE,-4.034699999999999
1152,DIE LINKE,1.0236000000000003
1153,DIE LINKE,-3.2599
1154,DIE LINKE,-4.213300000000004
1155,DIE LINKE,-1.8280999999999996
1156,DIE LINKE,-0.004899999999999988
1157,DIE LINKE,2.1691
1158,DIE LINKE,-1.6584999999999999
1159,DIE LINKE,-7.869000000000004
1160,DIE LINKE,0.8317999999999994
1161,DIE LINKE,-3.7714
1162,DIE LINKE,-4.371800000000003
1163,DIE LINKE,-2.1800999999999995
1164,DIE LINKE,-3.7806999999999995
1165,DIE LINKE,-3.0848999999999993
1166,DIE LINKE,1.0469
1167,DIE LINKE,-2.3169
1168,DIE LINKE,0.011899999999999987
1169,DIE LINKE,-0.34690000000000004
1170,DIE LINKE,-1.2804000000000002
1171,DIE LINKE,-3.3526000000000002
1172,DIE LINKE,0.342
1173,DIE LINKE,-4.876700000000001
1174,DIE LINKE,-3.4201
1175,DIE LINKE,-0.9191999999999998
1176,DIE LINKE,-1.4489
1177,DIE LINKE,-2.6504999999999996
1178,DIE LINKE,-6.409200000000005
1179,DIE LINKE,0.42249999999999976
1180,DIE LINKE,-2.8531000000000004
1181,DIE LINKE,-0.5210999999999999
1182,DIE LINKE,-1.0984999999999998
1183,DIE LINKE,-0.4735000000000001
1184,DIE LINKE,-1.9316000000000002
1185,DIE LINKE,3.0470000000000006
1186,DIE LINKE,-5.635000000000005
1187,DIE LINKE,-6.919200000000003
1188,DIE LINKE,-4.758300000000002
1189,DIE LINKE,-3.0713
1190,DIE LINKE,-5.269800000000004
1191,DIE LINKE,-2.4128999999999996
1192,DIE LINKE,-3.7011
1193,DIE LINKE,-1.1440000000000001
1194,DIE LINKE,-4.936500000000003
1195,DIE LINKE,-0.8542999999999998
1196,DIE LINKE,-2.0427
1197,DIE LINKE,-1.7835999999999999
1198,DIE LINKE,-0.5402
1199,DIE LINKE,-9.078000000000007
1200,DIE LINKE,-2.6747
1201,DIE LINKE,-2.9989
1202,DIE LINKE,-4.678400000000003
1203,DIE LINKE,-6.0213000000000045
1204,DIE LINKE,-3.2921
1205,DIE LINKE,-7.546300000000006
1206,DIE LINKE,-3.8078999999999996
1207,DIE LINKE,0.4386
1208,DIE LINKE,-0.6376999999999998
1209,DIE LINKE,-0.45460000000000006
1210,DIE LINKE,0.2111
1211,DIE LINKE,0.0
1212,DIE LINKE,0.0
1213,DIE LINKE,-7.592300000000009
1214,DIE LINKE,-4.339800000000001
1215,DIE LINKE,-3.8431000000000024
1216,DIE LINKE,-3.805000000000003
1217,DIE LINKE,-0.45330000000000015
1218,DIE LINKE,-1.1865999999999999
1219,DIE LINKE,-1.7039
1220,DIE LINKE,-1.1424999999999996
1221,DIE LINKE,-1.9974999999999998
1222,DIE LINKE,-9.523000000000012
1223,DIE LINKE,-4.833000000000002
1224,DIE LINKE,-0.4598000000000001
1225,DIE LINKE,-0.22769999999999993
1226,DIE LINKE,-1.9024999999999992
1227,DIE LINKE,-0.26700000000000007
1228,DIE LINKE,-1.032
1229,DIE LINKE,0.6643999999999999
1230,DIE LINKE,-3.1323
1231,DIE LINKE,2.2551
1232,DIE LINKE,-0.9698000000000001
1233,DIE LINKE,-1.3606000000000003
1234,DIE LINKE,-0.4605
1235,DIE LINKE,-1.9262
1236,DIE LINKE,-2.3577999999999997
1237,DIE LINKE,-0.4347
1238,DIE LINKE,-0.7344
1239,DIE LINKE,0.40879999999999994
1240,DIE LINKE,-1.9677
1241,DIE LINKE,-0.4118
1242,DIE LINKE,-0.6007
1243,DIE LINKE,-5.995500000000008
1244,DIE LINKE,-4.5443999999999996
1245,DIE LINKE,-1.1247
1246,DIE LINKE,-4.423700000000003
1247,DIE LINKE,0.8461000000000001
1248,DIE LINKE,-0.2686999999999994
1249,DIE LINKE,0.0
1250,DIE LINKE,0.0
1251,DIE LINKE,-2.5341
1252,DIE LINKE,0.0
1253,DIE LINKE,0.5361
1254,DIE LINKE,0.0
1255,DIE LINKE,1.8521000000000003
1256,DIE LINKE,-0.7724
1257,DIE LINKE,0.47460000000000013
1258,DIE LINKE,-0.31549999999999984
1259,DIE LINKE,-0.24030000000000012
1260,DIE LINKE,-4.4888
1261,DIE LINKE,-1.7872000000000001
1262,DIE LINKE,-6.815800000000007
1263,DIE LINKE,-4.885600000000003
1264,DIE LINKE,1.0842
1265,DIE LINKE,-8.158500000000005
1266,DIE LINKE,-1.2902999999999998
1267,DIE LINKE,1.1356
1268,DIE LINKE,-1.4532000000000003
1269,DIE LINKE,-0.8670999999999995
1270,DIE LINKE,-3.5193
1271,DIE LINKE,-3.6316999999999995
1272,DIE LINKE,-2.6603
1273,DIE LINKE,-0.09589999999999999
1274,DIE LINKE,0.875
1275,DIE LINKE,-0.2382
1276,DIE LINKE,1.6552
1277,DIE LINKE,-3.5473999999999997
1278,DIE LINKE,-0.6323999999999996
1279,DIE LINKE,-3.158199999999999
1280,DIE LINKE,-2.1098
1281,DIE LINKE,-1.1065999999999998
1282,DIE LINKE,-0.0007999999999999995
1283,DIE LINKE,0.0
1284,DIE LINKE,0.0
1285,DIE LINKE,0.0
1286,DIE LINKE,0.0
1287,DIE LINKE,-0.6873
1288,DIE LINKE,-4.812100000000001
1289,DIE LINKE,-0.04959999999999992
1290,DIE LINKE,-2.0113000000000008
1291,DIE LINKE,-1.4955
1292,DIE LINKE,-0.05999999999999994
1293,DIE LINKE,-2.497099999999999
1294,DIE LINKE,-3.433100000000015
1295,DIE LINKE,-3.8064000000000004
1296,DIE LINKE,-3.6903999999999995
1297,DIE LINKE,-0.663
1298,DIE LINKE,-1.9973999999999998
1299,DIE LINKE,-3.5363999999999995
1300,DIE LINKE,0.9060000000000001
1301,DIE LINKE,-1.0246
1302,DIE LINKE,-4.0341000000000005
1303,DIE LINKE,-1.2376
1304,DIE LINKE,-2.6525
1305,DIE LINKE,-1.5574999999999997
1306,DIE LINKE,-0.2763999999999999
1307,DIE LINKE,0.19760000000000008
1308,DIE LINKE,-0.7439
1309,DIE LINKE,-4.1112
1310,DIE LINKE,-0.399
1311,DIE LINKE,-2.725600000000001
1312,DIE LINKE,0.9163999999999999
1313,DIE LINKE,0.14160000000000006
1314,DIE LINKE,-0.8504999999999994
1315,DIE LINKE,0.22640000000000005
1316,DIE LINKE,1.0276999999999998
1317,DIE LINKE,0.0
1318,DIE LINKE,0.004
1319,DIE LINKE,-0.010600000000000026
1320,DIE LINKE,0.0
1321,DIE LINKE,-2.2023999999999995
1322,DIE LINKE,-0.6531000000000002
1323,DIE LINKE,2.7838000000000003
1324,DIE LINKE,-1.3979
1325,DIE LINKE,-11.537200000000002
1326,DIE LINKE,-5.196200000000002
1327,DIE LINKE,-1.5866
1328,DIE LINKE,-1.8833000000000004
1329,DIE LINKE,-6.345900000000003
1330,DIE LINKE,1.3936999999999997
1331,DIE LINKE,-1.6757000000000002
1332,DIE LINKE,-0.9667000000000001
1333,DIE LINKE,1.7289999999999994
1334,DIE LINKE,-1.2607999999999995
1335,DIE LINKE,-2.3451000000000004
1336,DIE LINKE,-2.1884999999999994
1337,DIE LINKE,-0.10809999999999997
1338,DIE LINKE,-0.5297000000000001
1339,DIE LINKE,-0.9669000000000003
1340,DIE LINKE,0.25099999999999983
1341,DIE LINKE,-1.8089000000000002
1342,DIE LINKE,-1.1246999999999998
1343,DIE LINKE,0.7687999999999999
1344,DIE LINKE,-0.7627
1345,DIE LINKE,0.06709999999999999
1346,DIE LINKE,-0.5525000000000001
1347,DIE LINKE,-1.0690000000000002
1348,DIE LINKE,0.49459999999999993
1349,DIE LINKE,-1.7203999999999997
1350,DIE LINKE,-0.39909999999999995
1351,DIE LINKE,1.8511
1352,DIE LINKE,-1.5968
1353,DIE LINKE,-3.673000000000001
1354,DIE LINKE,-0.9048000000000003
1355,DIE LINKE,-2.2806
1356,DIE LINKE,-1.2696
1357,DIE LINKE,0.8162
1358,DIE LINKE,0.0
1359,DIE LINKE,0.0
1360,DIE LINKE,0.20140000000000002
1361,DIE LINKE,0.0
1362,DIE LINKE,-0.32349999999999995
1363,DIE LINKE,0.0
1364,DIE LINKE,-3.1599000000000004
1365,DIE LINKE,-5.3309000000000015
1366,DIE LINKE,0.40490000000000004
1367,DIE LINKE,1.1551
1368,DIE LINKE,-0.5780000000000001
1369,DIE LINKE,0.6848000000000007
1370,DIE LINKE,-2.3384
1371,DIE LINKE,0.9787999999999997
1372,DIE LINKE,1.1365
1373,DIE LINKE,-1.6193
1374,DIE LINKE,-5.851500000000003
1375,DIE LINKE,-4.582500000000002
1376,DIE LINKE,-1.6134
1377,DIE LINKE,2.4824
1378,DIE LINKE,-4.601600000000002
1379,DIE LINKE,-3.8658000000000006
1380,DIE LINKE,-3.7051000000000003
1381,DIE LINKE,-3.8846000000000007
1382,DIE LINKE,0.622
1383,DIE LINKE,-1.663
1384,DIE LINKE,-0.5540999999999999
1385,DIE LINKE,-3.9577
1386,DIE LINKE,-0.09440000000000001
1387,DIE LINKE,-1.5723
1388,DIE LINKE,0.8716
1389,DIE LINKE,-1.0242
1390,DIE LINKE,-4.731900000000001
1391,DIE LINKE,-1.274699999999999
1392,DIE LINKE,-1.8495000000000001
1393,DIE LINKE,-5.4586000000000015
1394,DIE LINKE,-1.1155
1395,DIE LINKE,1.1319000000000001
1396,DIE LINKE,-0.4803
1397,DIE LINKE,-0.3569
1398,DIE LINKE,-0.8153999999999999
1399,DIE LINKE,-0.7222
1400,DIE LINKE,0.0
1401,DIE LINKE,-0.8514999999999999
1402,DIE LINKE,1.9737
1403,DIE LINKE,1.8522999999999994
1404,DIE LINKE,2.0444
1405,DIE LINKE,-0.18569999999999998
1406,DIE LINKE,-7.017300000000002
1407,DIE LINKE,-8.611200000000002
1408,DIE LINKE,-2.0250999999999992
1409,DIE LINKE,-2.7559999999999993
1410,DIE LINKE,-1.8317999999999997
1411,DIE LINKE,-4.367300000000006
1412,DIE LINKE,-0.23549999999999982
1413,DIE LINKE,-2.9133000000000004
1414,DIE LINKE,0.44450000000000006
1415,DIE LINKE,-4.202800000000001
1416,DIE LINKE,1.5815000000000001
1417,DIE LINKE,-1.0502
1418,DIE LINKE,-2.0047
1419,DIE LINKE,2.2255000000000003
1420,DIE LINKE,-1.1354
1421,DIE LINKE,-1.4438999999999997
1422,DIE LINKE,-0.0039000000000001395
1423,DIE LINKE,-1.6793999999999998
1424,DIE LINKE,-2.1528
1425,DIE LINKE,-2.2408
1426,DIE LINKE,1.6593000000000002
1427,DIE LINKE,-2.8553999999999995
1428,DIE LINKE,-0.48190000000000005
1429,DIE LINKE,0.4094
1430,DIE LINKE,1.1897999999999997
1431,DIE LINKE,0.6839
1432,DIE LINKE,-0.8415999999999999
1433,DIE LINKE,-0.849
1434,DIE LINKE,-1.5255999999999998
1435,DIE LINKE,1.2499
1436,DIE LINKE,0.5812999999999999
1437,DIE LINKE,0.7544
1438,DIE LINKE,0.5481
1439,DIE LINKE,-4.4597999999999995
1440,DIE LINKE,0.0
1441,DIE LINKE,0.191
1442,DIE LINKE,-0.05699999999999997
1443,DIE LINKE,0.0
1444,DIE LINKE,0.0
1445,DIE LINKE,0.0
1446,DIE LINKE,0.0
1447,DIE LINKE,-4.572200000000015
1448,DIE LINKE,-0.8005999999999995
1449,DIE LINKE,-1.0515
1450,DIE LINKE,-4.533900000000001
1451,DIE LINKE,1.0885000000000002
